theta,phi,FILE,FILE2
0,-180,image/-180/0.png,image/-180/0.png
0,-162,image/-162/0.png,image/-180/0.png
0,-144,image/-144/0.png,image/-180/0.png
0,-126,image/-126/0.png,image/-180/0.png
0,-108,image/-108/0.png,image/-180/0.png
0,-90,image/-90/0.png,image/-180/0.png
0,-72,image/-72/0.png,image/-180/0.png
0,-54,image/-54/0.png,image/-180/0.png
0,-36,image/-36/0.png,image/-180/0.png
0,-18,image/-18/0.png,image/-180/0.png
0,0,image/0/0.png,image/-180/0.png
0,18,image/18/0.png,image/-180/0.png
0,36,image/36/0.png,image/-180/0.png
0,54,image/54/0.png,image/-180/0.png
0,72,image/72/0.png,image/-180/0.png
0,90,image/90/0.png,image/-180/0.png
0,108,image/108/0.png,image/-180/0.png
0,126,image/126/0.png,image/-180/0.png
0,144,image/144/0.png,image/-180/0.png
0,162,image/162/0.png,image/-180/0.png
