String_0,Float_1,String_2,Integer_3,String_4,FILE_DATA_5,FILE_DATA_6
nLSuJNO,28.5615005252,wyRCCnA,78,RNiIKWG,abc.csv,abc.csv
,34.2780705511,QMOxfjx,70,kmdavty,,abc.csv
TkFfYzu,17.439764517,PxtuYKu,20,vatnXpE,abc.csv,abc.csv
jhtMAxU,55.9945391754,RVlurZw,16,slBpISA,,abc.csv
CwVJajM,12.7981229361,YmMevdb,12,OuzOxoA,abc.csv,abc.csv
EtUcLzu,43.001906789,gkolIkf,34,sAtJukM,abc.csv,abc.csv
IBQnSDY,33.103787909,LDubmVP,43,EswCpBi,,abc.csv
hbOrhMz,90.052849876,kWRNNBt,60,iDltkdM,abc.csv,abc.csv